<?xml version="1.0" encoding="UTF-8"?>
<con:resource name="/users" path="/users" id="b52375a1-3bbb-4d3c-8d3a-d5c3efe038ef" xmlns:xsi="http://www.w3.org/2001/XMLSchema-instance" xmlns:con="http://eviware.com/soapui/config">
  <con:settings>
    <con:setting id="b52375a1-3bbb-4d3c-8d3a-d5c3efe038effileName">%2Fusers</con:setting>
  </con:settings>
  <con:parameters/>
  <con:method name="getUsers" id="085c4807-2f4d-4349-b50b-65b5095a9a73" method="GET">
    <con:description>List all users.</con:description>
    <con:settings/>
    <con:parameters>
      <con:parameter>
        <con:name>limit</con:name>
        <con:value>100</con:value>
        <con:style>QUERY</con:style>
        <con:default>100</con:default>
        <con:description>How many items to return at one time (max 100)</con:description>
      </con:parameter>
    </con:parameters>
    <con:representation type="RESPONSE">
      <con:mediaType>application/json</con:mediaType>
      <con:status>200</con:status>
      <con:params/>
      <con:description>List of users</con:description>
      <con:sampleContent>[ {
  "id" : 12,
  "email" : "test@example.com",
  "password" : "string",
  "firstName" : "John",
  "lastName" : "Smith",
  "countryIsoCode" : "US",
  "mfa" : false,
  "role" : "ADMIN",
  "subscription" : {
    "type" : "PREMIUM",
    "isTimeLimited" : true,
    "expiredIn" : "2021-08-24T14:15:22.220Z"
  }
} ]</con:sampleContent>
    </con:representation>
    <con:representation type="RESPONSE">
      <con:mediaType>application/json</con:mediaType>
      <con:status>400</con:status>
      <con:params/>
      <con:description>Bad Request</con:description>
      <con:sampleContent>{
  "code" : 1234,
  "message" : "Validation error"
}</con:sampleContent>
    </con:representation>
    <con:representation type="RESPONSE">
      <con:mediaType>application/json</con:mediaType>
      <con:status>401</con:status>
      <con:params/>
      <con:description>Unauthorized (Authorisation Error)</con:description>
      <con:sampleContent>{
  "code" : 1234,
  "message" : "Validation error"
}</con:sampleContent>
    </con:representation>
    <con:representation type="RESPONSE">
      <con:mediaType>application/json</con:mediaType>
      <con:status>500</con:status>
      <con:params/>
      <con:description>Internal Server Error</con:description>
      <con:sampleContent>{
  "code" : 1234,
  "message" : "Validation error"
}</con:sampleContent>
    </con:representation>
    <con:request name="Request 1" id="aa093b9a-ecbb-4f6f-b583-623e6f0ecf03" mediaType="application/json">
      <con:settings/>
      <con:endpoint>/</con:endpoint>
      <con:request/>
      <con:credentials>
        <con:selectedAuthProfile>No Authorization</con:selectedAuthProfile>
        <con:authType>No Authorization</con:authType>
      </con:credentials>
      <con:jmsConfig JMSDeliveryMode="PERSISTENT"/>
      <con:parameters/>
      <con:environmentSpec>
        <con:entry environmentId="f2aa4e7c-ada5-4816-85bb-bc48c201c204">
          <con:authProfile>Inherit From Parent</con:authProfile>
        </con:entry>
      </con:environmentSpec>
    </con:request>
    <con:environmentSpec>
      <con:entry environmentId="f2aa4e7c-ada5-4816-85bb-bc48c201c204">
        <con:authProfile>Inherit From Parent</con:authProfile>
      </con:entry>
    </con:environmentSpec>
  </con:method>
  <con:method name="createUser" id="53bbdc1e-b593-494d-9727-c699fd0c114f" method="POST">
    <con:description>Create a new user.</con:description>
    <con:settings/>
    <con:parameters/>
    <con:representation type="RESPONSE">
      <con:mediaType>application/json</con:mediaType>
      <con:status>201</con:status>
      <con:params/>
      <con:description>Successfull response</con:description>
      <con:sampleContent>{
  "id" : 12
}</con:sampleContent>
    </con:representation>
    <con:representation type="RESPONSE">
      <con:mediaType>application/json</con:mediaType>
      <con:status>400</con:status>
      <con:params/>
      <con:description>Bad Request</con:description>
      <con:sampleContent>{
  "code" : 1234,
  "message" : "Validation error"
}</con:sampleContent>
    </con:representation>
    <con:representation type="RESPONSE">
      <con:mediaType>application/json</con:mediaType>
      <con:status>401</con:status>
      <con:params/>
      <con:description>Unauthorized (Authorisation Error)</con:description>
      <con:sampleContent>{
  "code" : 1234,
  "message" : "Validation error"
}</con:sampleContent>
    </con:representation>
    <con:representation type="RESPONSE">
      <con:mediaType>application/json</con:mediaType>
      <con:status>500</con:status>
      <con:params/>
      <con:description>Internal Server Error</con:description>
      <con:sampleContent>{
  "code" : 1234,
  "message" : "Validation error"
}</con:sampleContent>
    </con:representation>
    <con:representation type="REQUEST">
      <con:mediaType>application/json</con:mediaType>
      <con:params/>
      <con:sampleContent>{"email":"test@example.com","password":"pa$$word","firstName":"John","lastName":"Smith","countryIsoCode":"US","role":"ADMIN"}</con:sampleContent>
    </con:representation>
    <con:request name="example-success" id="769e6a08-bf87-4482-85af-593bbf52ca36" mediaType="application/json">
      <con:settings/>
      <con:endpoint>/</con:endpoint>
      <con:request>{"email":"test@example.com","password":"pa$$word","firstName":"John","lastName":"Smith","countryIsoCode":"US","role":"ADMIN"}</con:request>
      <con:credentials>
        <con:selectedAuthProfile>No Authorization</con:selectedAuthProfile>
        <con:authType>No Authorization</con:authType>
      </con:credentials>
      <con:parameters/>
      <con:environmentSpec>
        <con:entry environmentId="f2aa4e7c-ada5-4816-85bb-bc48c201c204">
          <con:authProfile>Inherit From Parent</con:authProfile>
        </con:entry>
      </con:environmentSpec>
    </con:request>
    <con:environmentSpec>
      <con:entry environmentId="f2aa4e7c-ada5-4816-85bb-bc48c201c204">
        <con:authProfile>Inherit From Parent</con:authProfile>
      </con:entry>
    </con:environmentSpec>
  </con:method>
  <con:environmentSpec>
    <con:entry environmentId="f2aa4e7c-ada5-4816-85bb-bc48c201c204">
      <con:authProfile>Inherit From Parent</con:authProfile>
    </con:entry>
  </con:environmentSpec>
</con:resource>
