<?xml version="1.0" encoding="UTF-8"?>
<con:resource name="/users/{userId}" path="/users/{userId}" id="60d09a6b-5ca0-460e-b5f1-298fded59d62" xmlns:xsi="http://www.w3.org/2001/XMLSchema-instance" xmlns:con="http://eviware.com/soapui/config">
  <con:settings>
    <con:setting id="60d09a6b-5ca0-460e-b5f1-298fded59d62fileName">%2Fusers%2F%7BuserId%7D</con:setting>
  </con:settings>
  <con:parameters>
    <con:parameter required="true">
      <con:name>userId</con:name>
      <con:style>TEMPLATE</con:style>
      <con:description>User ID</con:description>
    </con:parameter>
  </con:parameters>
  <con:method name="getUser" id="48e83322-42b7-4219-b112-6a2dfd42e955" method="GET">
    <con:description>Retrieve a user.</con:description>
    <con:settings/>
    <con:parameters>
      <con:parameter required="true">
        <con:name>userId</con:name>
        <con:style>TEMPLATE</con:style>
        <con:description>The id of the pet to retrieve</con:description>
      </con:parameter>
      <con:parameter required="true">
        <con:name>X-ACCESS-TOKEN</con:name>
        <con:style>HEADER</con:style>
        <con:description>A token that you provide when making API calls for a user.  Include the token in a header parameter called X-ACCESS-TOKEN.</con:description>
      </con:parameter>
    </con:parameters>
    <con:representation type="RESPONSE">
      <con:mediaType>application/json</con:mediaType>
      <con:status>200</con:status>
      <con:params/>
      <con:description>Successfull response</con:description>
      <con:sampleContent>{
  "id" : 12,
  "email" : "test@example.com",
  "password" : "string",
  "firstName" : "John",
  "lastName" : "Smith",
  "countryIsoCode" : "US",
  "mfa" : false,
  "role" : "ADMIN",
  "subscription" : {
    "type" : "PREMIUM",
    "isTimeLimited" : true,
    "expiredIn" : "2021-08-24T14:15:22.220Z"
  }
}</con:sampleContent>
    </con:representation>
    <con:representation type="RESPONSE">
      <con:mediaType>application/json</con:mediaType>
      <con:status>400</con:status>
      <con:params/>
      <con:description>Bad Request</con:description>
      <con:sampleContent>{
  "code" : 1234,
  "message" : "Validation error"
}</con:sampleContent>
    </con:representation>
    <con:representation type="RESPONSE">
      <con:mediaType>application/json</con:mediaType>
      <con:status>401</con:status>
      <con:params/>
      <con:description>Unauthorized (Authorisation Error)</con:description>
      <con:sampleContent>{
  "code" : 1234,
  "message" : "Validation error"
}</con:sampleContent>
    </con:representation>
    <con:representation type="RESPONSE">
      <con:mediaType>application/json</con:mediaType>
      <con:status>404</con:status>
      <con:params/>
      <con:description>Not Found</con:description>
      <con:sampleContent>{
  "code" : 1234,
  "message" : "Validation error"
}</con:sampleContent>
    </con:representation>
    <con:representation type="RESPONSE">
      <con:mediaType>application/json</con:mediaType>
      <con:status>500</con:status>
      <con:params/>
      <con:description>Internal Server Error</con:description>
      <con:sampleContent>{
  "code" : 1234,
  "message" : "Validation error"
}</con:sampleContent>
    </con:representation>
    <con:request name="Request 1" id="712403cd-bea0-40fb-bd3e-b5d526072ab5" mediaType="application/json">
      <con:settings/>
      <con:endpoint>/</con:endpoint>
      <con:credentials>
        <con:selectedAuthProfile>No Authorization</con:selectedAuthProfile>
        <con:authType>No Authorization</con:authType>
      </con:credentials>
      <con:parameters/>
      <con:environmentSpec>
        <con:entry environmentId="f2aa4e7c-ada5-4816-85bb-bc48c201c204">
          <con:authProfile>Inherit From Parent</con:authProfile>
        </con:entry>
      </con:environmentSpec>
    </con:request>
    <con:environmentSpec>
      <con:entry environmentId="f2aa4e7c-ada5-4816-85bb-bc48c201c204">
        <con:authProfile>Inherit From Parent</con:authProfile>
      </con:entry>
    </con:environmentSpec>
  </con:method>
  <con:method name="deleteUser" id="76b65eb2-23b4-4fe8-aebb-0876df0982f0" method="DELETE">
    <con:description>Delete a user.</con:description>
    <con:settings/>
    <con:parameters>
      <con:parameter required="true">
        <con:name>userId</con:name>
        <con:style>TEMPLATE</con:style>
        <con:description>The id of the pet to retrieve</con:description>
      </con:parameter>
      <con:parameter required="true">
        <con:name>X-ACCESS-TOKEN</con:name>
        <con:style>HEADER</con:style>
        <con:description>A token that you provide when making API calls for a user.  Include the token in a header parameter called X-ACCESS-TOKEN.</con:description>
      </con:parameter>
    </con:parameters>
    <con:representation type="RESPONSE">
      <con:mediaType>application/json</con:mediaType>
      <con:status>400</con:status>
      <con:params/>
      <con:description>Bad Request</con:description>
      <con:sampleContent>{
  "code" : 1234,
  "message" : "Validation error"
}</con:sampleContent>
    </con:representation>
    <con:representation type="RESPONSE">
      <con:mediaType>application/json</con:mediaType>
      <con:status>401</con:status>
      <con:params/>
      <con:description>Unauthorized (Authorisation Error)</con:description>
      <con:sampleContent>{
  "code" : 1234,
  "message" : "Validation error"
}</con:sampleContent>
    </con:representation>
    <con:representation type="RESPONSE">
      <con:mediaType>application/json</con:mediaType>
      <con:status>404</con:status>
      <con:params/>
      <con:description>Not Found</con:description>
      <con:sampleContent>{
  "code" : 1234,
  "message" : "Validation error"
}</con:sampleContent>
    </con:representation>
    <con:representation type="RESPONSE">
      <con:mediaType>application/json</con:mediaType>
      <con:status>500</con:status>
      <con:params/>
      <con:description>Internal Server Error</con:description>
      <con:sampleContent>{
  "code" : 1234,
  "message" : "Validation error"
}</con:sampleContent>
    </con:representation>
    <con:request name="Request 1" id="f11deb3d-d1d3-4717-9919-115f665ba20b" mediaType="application/json">
      <con:settings/>
      <con:endpoint>/</con:endpoint>
      <con:credentials>
        <con:selectedAuthProfile>No Authorization</con:selectedAuthProfile>
        <con:authType>No Authorization</con:authType>
      </con:credentials>
      <con:parameters/>
      <con:environmentSpec>
        <con:entry environmentId="f2aa4e7c-ada5-4816-85bb-bc48c201c204">
          <con:authProfile>Inherit From Parent</con:authProfile>
        </con:entry>
      </con:environmentSpec>
    </con:request>
    <con:environmentSpec>
      <con:entry environmentId="f2aa4e7c-ada5-4816-85bb-bc48c201c204">
        <con:authProfile>Inherit From Parent</con:authProfile>
      </con:entry>
    </con:environmentSpec>
  </con:method>
  <con:method name="updateUser" id="b90995d9-5d17-4847-ac77-d624ee0753a4" method="PUT">
    <con:description>Update a user</con:description>
    <con:settings/>
    <con:parameters>
      <con:parameter required="true">
        <con:name>userId</con:name>
        <con:style>TEMPLATE</con:style>
        <con:description>The id of the pet to retrieve</con:description>
      </con:parameter>
      <con:parameter required="true">
        <con:name>X-ACCESS-TOKEN</con:name>
        <con:style>HEADER</con:style>
        <con:description>A token that you provide when making API calls for a user.  Include the token in a header parameter called X-ACCESS-TOKEN.</con:description>
      </con:parameter>
    </con:parameters>
    <con:representation type="RESPONSE">
      <con:mediaType>application/json</con:mediaType>
      <con:status>400</con:status>
      <con:params/>
      <con:description>Bad Request</con:description>
      <con:sampleContent>{
  "code" : 1234,
  "message" : "Validation error"
}</con:sampleContent>
    </con:representation>
    <con:representation type="RESPONSE">
      <con:mediaType>application/json</con:mediaType>
      <con:status>401</con:status>
      <con:params/>
      <con:description>Unauthorized (Authorisation Error)</con:description>
      <con:sampleContent>{
  "code" : 1234,
  "message" : "Validation error"
}</con:sampleContent>
    </con:representation>
    <con:representation type="RESPONSE">
      <con:mediaType>application/json</con:mediaType>
      <con:status>404</con:status>
      <con:params/>
      <con:description>Not Found</con:description>
      <con:sampleContent>{
  "code" : 1234,
  "message" : "Validation error"
}</con:sampleContent>
    </con:representation>
    <con:representation type="RESPONSE">
      <con:mediaType>application/json</con:mediaType>
      <con:status>500</con:status>
      <con:params/>
      <con:description>Internal Server Error</con:description>
      <con:sampleContent>{
  "code" : 1234,
  "message" : "Validation error"
}</con:sampleContent>
    </con:representation>
    <con:representation type="REQUEST">
      <con:mediaType>application/json</con:mediaType>
      <con:params/>
      <con:sampleContent>{
  "email" : "test@example.com",
  "password" : "string",
  "firstName" : "John",
  "lastName" : "Smith",
  "countryIsoCode" : "US",
  "role" : "ADMIN"
}</con:sampleContent>
    </con:representation>
    <con:request name="Request 1" id="6f0b13a0-d6b0-4e11-b390-1ff67dfd9181" mediaType="application/json">
      <con:settings/>
      <con:endpoint>/</con:endpoint>
      <con:request>{
  "email" : "test@example.com",
  "password" : "string",
  "firstName" : "John",
  "lastName" : "Smith",
  "countryIsoCode" : "US",
  "role" : "ADMIN"
}</con:request>
      <con:credentials>
        <con:selectedAuthProfile>No Authorization</con:selectedAuthProfile>
        <con:authType>No Authorization</con:authType>
      </con:credentials>
      <con:parameters/>
      <con:environmentSpec>
        <con:entry environmentId="f2aa4e7c-ada5-4816-85bb-bc48c201c204">
          <con:authProfile>Inherit From Parent</con:authProfile>
        </con:entry>
      </con:environmentSpec>
    </con:request>
    <con:environmentSpec>
      <con:entry environmentId="f2aa4e7c-ada5-4816-85bb-bc48c201c204">
        <con:authProfile>Inherit From Parent</con:authProfile>
      </con:entry>
    </con:environmentSpec>
  </con:method>
  <con:environmentSpec>
    <con:entry environmentId="f2aa4e7c-ada5-4816-85bb-bc48c201c204">
      <con:authProfile>Inherit From Parent</con:authProfile>
    </con:entry>
  </con:environmentSpec>
</con:resource>
