<?xml version="1.0" encoding="UTF-8"?>
<con:resource name="/users/{userId}" path="/users/{userId}" id="191199d7-5ebd-45bd-a06f-7bbc5caeabd8" xmlns:xsi="http://www.w3.org/2001/XMLSchema-instance" xmlns:con="http://eviware.com/soapui/config">
  <con:settings>
    <con:setting id="191199d7-5ebd-45bd-a06f-7bbc5caeabd8fileName">%2Fusers%2F%7BuserId%7D</con:setting>
  </con:settings>
  <con:parameters>
    <con:parameter required="true">
      <con:name>userId</con:name>
      <con:style>TEMPLATE</con:style>
      <con:description>User ID</con:description>
    </con:parameter>
  </con:parameters>
  <con:method name="getUser" id="c455a09f-5afb-4062-ab65-a50354d9336d" method="GET">
    <con:description>Retrieve a user.</con:description>
    <con:settings/>
    <con:parameters>
      <con:parameter required="true">
        <con:name>userId</con:name>
        <con:style>TEMPLATE</con:style>
        <con:description>The id of the pet to retrieve</con:description>
      </con:parameter>
      <con:parameter required="true">
        <con:name>X-ACCESS-TOKEN</con:name>
        <con:style>HEADER</con:style>
        <con:description>A token that you provide when making API calls for a user.  Include the token in a header parameter called X-ACCESS-TOKEN.</con:description>
      </con:parameter>
    </con:parameters>
    <con:representation type="RESPONSE">
      <con:mediaType>application/json</con:mediaType>
      <con:status>200</con:status>
      <con:params/>
      <con:description>Successfull response</con:description>
      <con:sampleContent>{
  "id" : 12,
  "email" : "test@example.com",
  "password" : "string",
  "firstName" : "John",
  "lastName" : "Smith",
  "countryIsoCode" : "US",
  "mfa" : false,
  "role" : "ADMIN",
  "subscription" : {
    "type" : "PREMIUM",
    "isTimeLimited" : true,
    "expiredIn" : "2021-08-24T14:15:22.220Z"
  }
}</con:sampleContent>
    </con:representation>
    <con:representation type="RESPONSE">
      <con:mediaType>application/json</con:mediaType>
      <con:status>400</con:status>
      <con:params/>
      <con:description>Bad Request</con:description>
      <con:sampleContent>{
  "code" : 1234,
  "message" : "Validation error"
}</con:sampleContent>
    </con:representation>
    <con:representation type="RESPONSE">
      <con:mediaType>application/json</con:mediaType>
      <con:status>401</con:status>
      <con:params/>
      <con:description>Unauthorized (Authorisation Error)</con:description>
      <con:sampleContent>{
  "code" : 1234,
  "message" : "Validation error"
}</con:sampleContent>
    </con:representation>
    <con:representation type="RESPONSE">
      <con:mediaType>application/json</con:mediaType>
      <con:status>404</con:status>
      <con:params/>
      <con:description>Not Found</con:description>
      <con:sampleContent>{
  "code" : 1234,
  "message" : "Validation error"
}</con:sampleContent>
    </con:representation>
    <con:representation type="RESPONSE">
      <con:mediaType>application/json</con:mediaType>
      <con:status>500</con:status>
      <con:params/>
      <con:description>Internal Server Error</con:description>
      <con:sampleContent>{
  "code" : 1234,
  "message" : "Validation error"
}</con:sampleContent>
    </con:representation>
    <con:request name="Request 1" id="48db0083-471e-4d93-a79f-409abd337488" mediaType="application/json">
      <con:settings/>
      <con:endpoint>/</con:endpoint>
      <con:request/>
      <con:credentials>
        <con:selectedAuthProfile>No Authorization</con:selectedAuthProfile>
        <con:authType>No Authorization</con:authType>
      </con:credentials>
      <con:jmsConfig JMSDeliveryMode="PERSISTENT"/>
      <con:parameters/>
      <con:environmentSpec>
        <con:entry environmentId="f2aa4e7c-ada5-4816-85bb-bc48c201c204">
          <con:authProfile>Inherit From Parent</con:authProfile>
        </con:entry>
      </con:environmentSpec>
    </con:request>
    <con:environmentSpec>
      <con:entry environmentId="f2aa4e7c-ada5-4816-85bb-bc48c201c204">
        <con:authProfile>Inherit From Parent</con:authProfile>
      </con:entry>
    </con:environmentSpec>
  </con:method>
  <con:method name="deleteUser" id="9339c802-95c3-445f-9c90-ca426462885f" method="DELETE">
    <con:description>Delete a user.</con:description>
    <con:settings/>
    <con:parameters>
      <con:parameter required="true">
        <con:name>userId</con:name>
        <con:style>TEMPLATE</con:style>
        <con:description>The id of the pet to retrieve</con:description>
      </con:parameter>
      <con:parameter required="true">
        <con:name>X-ACCESS-TOKEN</con:name>
        <con:style>HEADER</con:style>
        <con:description>A token that you provide when making API calls for a user.  Include the token in a header parameter called X-ACCESS-TOKEN.</con:description>
      </con:parameter>
    </con:parameters>
    <con:representation type="RESPONSE">
      <con:mediaType>application/json</con:mediaType>
      <con:status>400</con:status>
      <con:params/>
      <con:description>Bad Request</con:description>
      <con:sampleContent>{
  "code" : 1234,
  "message" : "Validation error"
}</con:sampleContent>
    </con:representation>
    <con:representation type="RESPONSE">
      <con:mediaType>application/json</con:mediaType>
      <con:status>401</con:status>
      <con:params/>
      <con:description>Unauthorized (Authorisation Error)</con:description>
      <con:sampleContent>{
  "code" : 1234,
  "message" : "Validation error"
}</con:sampleContent>
    </con:representation>
    <con:representation type="RESPONSE">
      <con:mediaType>application/json</con:mediaType>
      <con:status>404</con:status>
      <con:params/>
      <con:description>Not Found</con:description>
      <con:sampleContent>{
  "code" : 1234,
  "message" : "Validation error"
}</con:sampleContent>
    </con:representation>
    <con:representation type="RESPONSE">
      <con:mediaType>application/json</con:mediaType>
      <con:status>500</con:status>
      <con:params/>
      <con:description>Internal Server Error</con:description>
      <con:sampleContent>{
  "code" : 1234,
  "message" : "Validation error"
}</con:sampleContent>
    </con:representation>
    <con:request name="Request 1" id="e444f584-bdd7-4418-ae8f-cc7207208393" mediaType="application/json">
      <con:settings/>
      <con:endpoint>/</con:endpoint>
      <con:request/>
      <con:credentials>
        <con:selectedAuthProfile>No Authorization</con:selectedAuthProfile>
        <con:authType>No Authorization</con:authType>
      </con:credentials>
      <con:parameters/>
      <con:environmentSpec>
        <con:entry environmentId="f2aa4e7c-ada5-4816-85bb-bc48c201c204">
          <con:authProfile>Inherit From Parent</con:authProfile>
        </con:entry>
      </con:environmentSpec>
    </con:request>
    <con:environmentSpec>
      <con:entry environmentId="f2aa4e7c-ada5-4816-85bb-bc48c201c204">
        <con:authProfile>Inherit From Parent</con:authProfile>
      </con:entry>
    </con:environmentSpec>
  </con:method>
  <con:method name="updateUser" id="fbbdccfa-4240-4f46-9e4f-6afe78680fb5" method="PUT">
    <con:description>Update a user</con:description>
    <con:settings/>
    <con:parameters>
      <con:parameter required="true">
        <con:name>userId</con:name>
        <con:style>TEMPLATE</con:style>
        <con:description>The id of the pet to retrieve</con:description>
      </con:parameter>
      <con:parameter required="true">
        <con:name>X-ACCESS-TOKEN</con:name>
        <con:style>HEADER</con:style>
        <con:description>A token that you provide when making API calls for a user.  Include the token in a header parameter called X-ACCESS-TOKEN.</con:description>
      </con:parameter>
    </con:parameters>
    <con:representation type="RESPONSE">
      <con:mediaType>application/json</con:mediaType>
      <con:status>400</con:status>
      <con:params/>
      <con:description>Bad Request</con:description>
      <con:sampleContent>{
  "code" : 1234,
  "message" : "Validation error"
}</con:sampleContent>
    </con:representation>
    <con:representation type="RESPONSE">
      <con:mediaType>application/json</con:mediaType>
      <con:status>401</con:status>
      <con:params/>
      <con:description>Unauthorized (Authorisation Error)</con:description>
      <con:sampleContent>{
  "code" : 1234,
  "message" : "Validation error"
}</con:sampleContent>
    </con:representation>
    <con:representation type="RESPONSE">
      <con:mediaType>application/json</con:mediaType>
      <con:status>404</con:status>
      <con:params/>
      <con:description>Not Found</con:description>
      <con:sampleContent>{
  "code" : 1234,
  "message" : "Validation error"
}</con:sampleContent>
    </con:representation>
    <con:representation type="RESPONSE">
      <con:mediaType>application/json</con:mediaType>
      <con:status>500</con:status>
      <con:params/>
      <con:description>Internal Server Error</con:description>
      <con:sampleContent>{
  "code" : 1234,
  "message" : "Validation error"
}</con:sampleContent>
    </con:representation>
    <con:representation type="REQUEST">
      <con:mediaType>application/json</con:mediaType>
      <con:params/>
      <con:sampleContent>{
  "email" : "test@example.com",
  "password" : "string",
  "firstName" : "John",
  "lastName" : "Smith",
  "countryIsoCode" : "US",
  "role" : "ADMIN"
}</con:sampleContent>
    </con:representation>
    <con:request name="Request 1" id="58e93d90-8330-4a28-8674-92a81ae26d3a" mediaType="application/json" postQueryString="false">
      <con:settings/>
      <con:endpoint>/</con:endpoint>
      <con:request>{
  "email" : "test@example.com",
  "password" : "string",
  "firstName" : "John",
  "lastName" : "Smith",
  "countryIsoCode" : "US",
  "role" : "ADMIN"
}</con:request>
      <con:credentials>
        <con:selectedAuthProfile>No Authorization</con:selectedAuthProfile>
        <con:authType>No Authorization</con:authType>
      </con:credentials>
      <con:jmsConfig JMSDeliveryMode="PERSISTENT"/>
      <con:parameters/>
      <con:environmentSpec>
        <con:entry environmentId="f2aa4e7c-ada5-4816-85bb-bc48c201c204">
          <con:authProfile>Inherit From Parent</con:authProfile>
        </con:entry>
      </con:environmentSpec>
    </con:request>
    <con:environmentSpec>
      <con:entry environmentId="f2aa4e7c-ada5-4816-85bb-bc48c201c204">
        <con:authProfile>Inherit From Parent</con:authProfile>
      </con:entry>
    </con:environmentSpec>
  </con:method>
  <con:environmentSpec>
    <con:entry environmentId="f2aa4e7c-ada5-4816-85bb-bc48c201c204">
      <con:authProfile>Inherit From Parent</con:authProfile>
    </con:entry>
  </con:environmentSpec>
</con:resource>
