<?xml version="1.0" encoding="UTF-8"?>
<con:resource name="/users" path="/users" id="cfdab63e-64bb-4a47-a912-4ebf0114364a" xmlns:xsi="http://www.w3.org/2001/XMLSchema-instance" xmlns:con="http://eviware.com/soapui/config">
  <con:settings>
    <con:setting id="cfdab63e-64bb-4a47-a912-4ebf0114364afileName">%2Fusers</con:setting>
  </con:settings>
  <con:parameters/>
  <con:method name="getUsers" id="6d89f73a-9dac-4e41-90e5-f46bd3f92321" method="GET">
    <con:description>List all users.</con:description>
    <con:settings/>
    <con:parameters>
      <con:parameter>
        <con:name>limit</con:name>
        <con:value>100</con:value>
        <con:style>QUERY</con:style>
        <con:default>100</con:default>
        <con:description>How many items to return at one time (max 100)</con:description>
      </con:parameter>
    </con:parameters>
    <con:representation type="RESPONSE">
      <con:mediaType>application/json</con:mediaType>
      <con:status>200</con:status>
      <con:params/>
      <con:description>List of users</con:description>
      <con:sampleContent>[ {
  "id" : 12,
  "email" : "test@example.com",
  "password" : "string",
  "firstName" : "John",
  "lastName" : "Smith",
  "countryIsoCode" : "US",
  "mfa" : false,
  "role" : "ADMIN",
  "subscription" : {
    "type" : "PREMIUM",
    "isTimeLimited" : true,
    "expiredIn" : "2021-08-24T14:15:22.220Z"
  }
} ]</con:sampleContent>
    </con:representation>
    <con:representation type="RESPONSE">
      <con:mediaType>application/json</con:mediaType>
      <con:status>400</con:status>
      <con:params/>
      <con:description>Bad Request</con:description>
      <con:sampleContent>{
  "code" : 1234,
  "message" : "Validation error"
}</con:sampleContent>
    </con:representation>
    <con:representation type="RESPONSE">
      <con:mediaType>application/json</con:mediaType>
      <con:status>401</con:status>
      <con:params/>
      <con:description>Unauthorized (Authorisation Error)</con:description>
      <con:sampleContent>{
  "code" : 1234,
  "message" : "Validation error"
}</con:sampleContent>
    </con:representation>
    <con:representation type="RESPONSE">
      <con:mediaType>application/json</con:mediaType>
      <con:status>500</con:status>
      <con:params/>
      <con:description>Internal Server Error</con:description>
      <con:sampleContent>{
  "code" : 1234,
  "message" : "Validation error"
}</con:sampleContent>
    </con:representation>
    <con:request name="Request 1" id="ddab032d-15a6-48f5-b3d9-818eb45b9ff0" mediaType="application/json">
      <con:settings/>
      <con:endpoint>/</con:endpoint>
      <con:credentials>
        <con:selectedAuthProfile>No Authorization</con:selectedAuthProfile>
        <con:authType>No Authorization</con:authType>
      </con:credentials>
      <con:parameters/>
      <con:environmentSpec>
        <con:entry environmentId="f2aa4e7c-ada5-4816-85bb-bc48c201c204">
          <con:authProfile>Inherit From Parent</con:authProfile>
        </con:entry>
      </con:environmentSpec>
    </con:request>
    <con:environmentSpec>
      <con:entry environmentId="f2aa4e7c-ada5-4816-85bb-bc48c201c204">
        <con:authProfile>Inherit From Parent</con:authProfile>
      </con:entry>
    </con:environmentSpec>
  </con:method>
  <con:method name="createUser" id="42e09fd8-77e4-4b8d-a17a-e6bc5ad37d36" method="POST">
    <con:description>Create a new user.</con:description>
    <con:settings/>
    <con:parameters/>
    <con:representation type="RESPONSE">
      <con:mediaType>application/json</con:mediaType>
      <con:status>201</con:status>
      <con:params/>
      <con:description>Successfull response</con:description>
      <con:sampleContent>{
  "id" : 12
}</con:sampleContent>
    </con:representation>
    <con:representation type="RESPONSE">
      <con:mediaType>application/json</con:mediaType>
      <con:status>400</con:status>
      <con:params/>
      <con:description>Bad Request</con:description>
      <con:sampleContent>{
  "code" : 1234,
  "message" : "Validation error"
}</con:sampleContent>
    </con:representation>
    <con:representation type="RESPONSE">
      <con:mediaType>application/json</con:mediaType>
      <con:status>401</con:status>
      <con:params/>
      <con:description>Unauthorized (Authorisation Error)</con:description>
      <con:sampleContent>{
  "code" : 1234,
  "message" : "Validation error"
}</con:sampleContent>
    </con:representation>
    <con:representation type="RESPONSE">
      <con:mediaType>application/json</con:mediaType>
      <con:status>500</con:status>
      <con:params/>
      <con:description>Internal Server Error</con:description>
      <con:sampleContent>{
  "code" : 1234,
  "message" : "Validation error"
}</con:sampleContent>
    </con:representation>
    <con:representation type="REQUEST">
      <con:mediaType>application/json</con:mediaType>
      <con:params/>
      <con:sampleContent>{"email":"test@example.com","password":"pa$$word","firstName":"John","lastName":"Smith","countryIsoCode":"US","role":"ADMIN"}</con:sampleContent>
    </con:representation>
    <con:request name="example-success" id="8f3ad033-c223-4651-ae3d-d5b66f6a6b85" mediaType="application/json" postQueryString="false">
      <con:settings>
        <con:setting id="com.eviware.soapui.impl.wsdl.WsdlRequest@request-headers">&lt;xml-fragment/></con:setting>
      </con:settings>
      <con:endpoint>http://localhost:8088/</con:endpoint>
      <con:request>{"email":"test@example.com","password":"pa$$word","firstName":"John","lastName":"Smith","countryIsoCode":"US","role":"ADMIN"}</con:request>
      <con:credentials>
        <con:selectedAuthProfile>No Authorization</con:selectedAuthProfile>
        <con:authType>No Authorization</con:authType>
      </con:credentials>
      <con:jmsConfig JMSDeliveryMode="PERSISTENT"/>
      <con:parameters/>
      <con:environmentSpec>
        <con:entry environmentId="f2aa4e7c-ada5-4816-85bb-bc48c201c204">
          <con:authProfile>Inherit From Parent</con:authProfile>
        </con:entry>
      </con:environmentSpec>
    </con:request>
    <con:environmentSpec>
      <con:entry environmentId="f2aa4e7c-ada5-4816-85bb-bc48c201c204">
        <con:authProfile>Inherit From Parent</con:authProfile>
      </con:entry>
    </con:environmentSpec>
  </con:method>
  <con:environmentSpec>
    <con:entry environmentId="f2aa4e7c-ada5-4816-85bb-bc48c201c204">
      <con:authProfile>Inherit From Parent</con:authProfile>
    </con:entry>
  </con:environmentSpec>
</con:resource>
